                  epoch,         train/box_loss,         train/cls_loss,         train/dfl_loss,   metrics/precision(B),      metrics/recall(B),       metrics/mAP50(B),    metrics/mAP50-95(B),           val/box_loss,           val/cls_loss,           val/dfl_loss,                 lr/pg0,                 lr/pg1,                 lr/pg2
                      0,                 3.6499,                 4.1495,                 4.2515,                0.00537,                0.11957,                0.00425,                0.00193,                 3.5699,                 4.1261,                 4.1476,                 0.0928,                 0.0008,                 0.0008
                      1,                 3.4974,                 4.0209,                 4.2088,                0.00485,                 0.1016,                0.00349,                0.00145,                 3.5535,                 3.9474,                 4.1177,               0.084683,              0.0016832,              0.0016832
